constraint_name,table_name,column_name,foreign_table_name,foreign_column_name,update_rule,delete_rule
fk_activities_child_id_children,activities,child_id,children,id,NO ACTION,NO ACTION
fk_assessments_child_id_children,assessments,child_id,children,id,NO ACTION,NO ACTION
fk_assessments_previous_assessment_id_assessments,assessments,previous_assessment_id,assessments,id,NO ACTION,NO ACTION
fk_auth_user_sessions_user_id_auth_users,auth_user_sessions,user_id,auth_users,id,NO ACTION,CASCADE
fk_children_parent_id_auth_users,children,parent_id,auth_users,id,NO ACTION,NO ACTION
fk_game_sessions_child_id_children,game_sessions,child_id,children,id,NO ACTION,NO ACTION
fk_password_reset_tokens_user_id_auth_users,password_reset_tokens,user_id,auth_users,id,NO ACTION,CASCADE
fk_professional_profiles_user_id_auth_users,professional_profiles,user_id,auth_users,id,NO ACTION,NO ACTION
fk_professional_reviews_professional_id_auth_users,professional_reviews,professional_id,auth_users,id,NO ACTION,CASCADE
fk_professional_reviews_reviewer_id_auth_users,professional_reviews,reviewer_id,auth_users,id,NO ACTION,CASCADE
fk_user_activity_logs_user_id_auth_users,user_activity_logs,user_id,auth_users,id,NO ACTION,CASCADE
fk_user_preferences_user_id_auth_users,user_preferences,user_id,auth_users,id,NO ACTION,CASCADE
