schemaname,tablename,indexname,indexdef
public,activities,ix_activities_activity_type,CREATE INDEX ix_activities_activity_type ON public.activities USING btree (activity_type)
public,activities,ix_activities_category,CREATE INDEX ix_activities_category ON public.activities USING btree (category)
public,activities,ix_activities_child_id,CREATE INDEX ix_activities_child_id ON public.activities USING btree (child_id)
public,activities,ix_activities_completed_at,CREATE INDEX ix_activities_completed_at ON public.activities USING btree (completed_at)
public,activities,ix_activities_id,CREATE INDEX ix_activities_id ON public.activities USING btree (id)
public,activities,ix_activities_points_earned,CREATE INDEX ix_activities_points_earned ON public.activities USING btree (points_earned)
public,activities,pk_activities,CREATE UNIQUE INDEX pk_activities ON public.activities USING btree (id)
public,alembic_version,alembic_version_pkc,CREATE UNIQUE INDEX alembic_version_pkc ON public.alembic_version USING btree (version_num)
public,assessments,ix_assessments_administered_date,CREATE INDEX ix_assessments_administered_date ON public.assessments USING btree (administered_date)
public,assessments,ix_assessments_assessment_type,CREATE INDEX ix_assessments_assessment_type ON public.assessments USING btree (assessment_type)
public,assessments,ix_assessments_child_id,CREATE INDEX ix_assessments_child_id ON public.assessments USING btree (child_id)
public,assessments,ix_assessments_id,CREATE INDEX ix_assessments_id ON public.assessments USING btree (id)
public,assessments,pk_assessments,CREATE UNIQUE INDEX pk_assessments ON public.assessments USING btree (id)
public,auth_user_sessions,idx_session_expires,CREATE INDEX idx_session_expires ON public.auth_user_sessions USING btree (expires_at)
public,auth_user_sessions,idx_session_token,CREATE INDEX idx_session_token ON public.auth_user_sessions USING btree (session_token)
public,auth_user_sessions,idx_session_user_active,"CREATE INDEX idx_session_user_active ON public.auth_user_sessions USING btree (user_id, is_active)"
public,auth_user_sessions,ix_auth_user_sessions_id,CREATE INDEX ix_auth_user_sessions_id ON public.auth_user_sessions USING btree (id)
public,auth_user_sessions,ix_auth_user_sessions_refresh_token,CREATE UNIQUE INDEX ix_auth_user_sessions_refresh_token ON public.auth_user_sessions USING btree (refresh_token)
public,auth_user_sessions,ix_auth_user_sessions_session_token,CREATE UNIQUE INDEX ix_auth_user_sessions_session_token ON public.auth_user_sessions USING btree (session_token)
public,auth_user_sessions,ix_auth_user_sessions_user_id,CREATE INDEX ix_auth_user_sessions_user_id ON public.auth_user_sessions USING btree (user_id)
public,auth_user_sessions,pk_auth_user_sessions,CREATE UNIQUE INDEX pk_auth_user_sessions ON public.auth_user_sessions USING btree (id)
public,auth_users,idx_user_created_at,CREATE INDEX idx_user_created_at ON public.auth_users USING btree (created_at)
public,auth_users,idx_user_email_status,"CREATE INDEX idx_user_email_status ON public.auth_users USING btree (email, status)"
public,auth_users,idx_user_last_login,CREATE INDEX idx_user_last_login ON public.auth_users USING btree (last_login_at)
public,auth_users,idx_user_role_active,"CREATE INDEX idx_user_role_active ON public.auth_users USING btree (role, is_active)"
public,auth_users,ix_auth_users_email,CREATE UNIQUE INDEX ix_auth_users_email ON public.auth_users USING btree (email)
public,auth_users,ix_auth_users_id,CREATE INDEX ix_auth_users_id ON public.auth_users USING btree (id)
public,auth_users,ix_auth_users_is_active,CREATE INDEX ix_auth_users_is_active ON public.auth_users USING btree (is_active)
public,auth_users,ix_auth_users_license_number,CREATE INDEX ix_auth_users_license_number ON public.auth_users USING btree (license_number)
public,auth_users,ix_auth_users_role,CREATE INDEX ix_auth_users_role ON public.auth_users USING btree (role)
public,auth_users,ix_auth_users_status,CREATE INDEX ix_auth_users_status ON public.auth_users USING btree (status)
public,auth_users,pk_auth_users,CREATE UNIQUE INDEX pk_auth_users ON public.auth_users USING btree (id)
public,children,ix_children_age,CREATE INDEX ix_children_age ON public.children USING btree (age)
public,children,ix_children_id,CREATE INDEX ix_children_id ON public.children USING btree (id)
public,children,ix_children_is_active,CREATE INDEX ix_children_is_active ON public.children USING btree (is_active)
public,children,ix_children_name,CREATE INDEX ix_children_name ON public.children USING btree (name)
public,children,ix_children_parent_id,CREATE INDEX ix_children_parent_id ON public.children USING btree (parent_id)
public,children,ix_children_support_level,CREATE INDEX ix_children_support_level ON public.children USING btree (support_level)
public,children,pk_children,CREATE UNIQUE INDEX pk_children ON public.children USING btree (id)
public,game_sessions,ix_game_sessions_child_id,CREATE INDEX ix_game_sessions_child_id ON public.game_sessions USING btree (child_id)
public,game_sessions,ix_game_sessions_completion_status,CREATE INDEX ix_game_sessions_completion_status ON public.game_sessions USING btree (completion_status)
public,game_sessions,ix_game_sessions_created_at,CREATE INDEX ix_game_sessions_created_at ON public.game_sessions USING btree (created_at)
public,game_sessions,ix_game_sessions_environment_type,CREATE INDEX ix_game_sessions_environment_type ON public.game_sessions USING btree (environment_type)
public,game_sessions,ix_game_sessions_id,CREATE INDEX ix_game_sessions_id ON public.game_sessions USING btree (id)
public,game_sessions,ix_game_sessions_scenario_id,CREATE INDEX ix_game_sessions_scenario_id ON public.game_sessions USING btree (scenario_id)
public,game_sessions,ix_game_sessions_scenario_version,CREATE INDEX ix_game_sessions_scenario_version ON public.game_sessions USING btree (scenario_version)
public,game_sessions,ix_game_sessions_session_type,CREATE INDEX ix_game_sessions_session_type ON public.game_sessions USING btree (session_type)
public,game_sessions,ix_game_sessions_started_at,CREATE INDEX ix_game_sessions_started_at ON public.game_sessions USING btree (started_at)
public,game_sessions,ix_game_sessions_updated_at,CREATE INDEX ix_game_sessions_updated_at ON public.game_sessions USING btree (updated_at)
public,game_sessions,pk_game_sessions,CREATE UNIQUE INDEX pk_game_sessions ON public.game_sessions USING btree (id)
public,password_reset_tokens,idx_password_reset_active,CREATE INDEX idx_password_reset_active ON public.password_reset_tokens USING btree (is_active)
public,password_reset_tokens,idx_password_reset_expires,CREATE INDEX idx_password_reset_expires ON public.password_reset_tokens USING btree (expires_at)
public,password_reset_tokens,ix_password_reset_tokens_id,CREATE INDEX ix_password_reset_tokens_id ON public.password_reset_tokens USING btree (id)
public,password_reset_tokens,ix_password_reset_tokens_token,CREATE UNIQUE INDEX ix_password_reset_tokens_token ON public.password_reset_tokens USING btree (token)
public,password_reset_tokens,ix_password_reset_tokens_user_id,CREATE INDEX ix_password_reset_tokens_user_id ON public.password_reset_tokens USING btree (user_id)
public,password_reset_tokens,pk_password_reset_tokens,CREATE UNIQUE INDEX pk_password_reset_tokens ON public.password_reset_tokens USING btree (id)
public,professional_profiles,ix_professional_profiles_accepts_patients,CREATE INDEX ix_professional_profiles_accepts_patients ON public.professional_profiles USING btree (accepts_new_patients)
public,professional_profiles,ix_professional_profiles_id,CREATE INDEX ix_professional_profiles_id ON public.professional_profiles USING btree (id)
public,professional_profiles,ix_professional_profiles_license_number,CREATE INDEX ix_professional_profiles_license_number ON public.professional_profiles USING btree (license_number)
public,professional_profiles,ix_professional_profiles_primary_specialty,CREATE INDEX ix_professional_profiles_primary_specialty ON public.professional_profiles USING btree (primary_specialty)
public,professional_profiles,pk_professional_profiles,CREATE UNIQUE INDEX pk_professional_profiles ON public.professional_profiles USING btree (id)
public,professional_profiles,uq_professional_profiles_user_id,CREATE UNIQUE INDEX uq_professional_profiles_user_id ON public.professional_profiles USING btree (user_id)
public,professional_reviews,ix_professional_reviews_professional_id,CREATE INDEX ix_professional_reviews_professional_id ON public.professional_reviews USING btree (professional_id)
public,professional_reviews,ix_professional_reviews_rating,CREATE INDEX ix_professional_reviews_rating ON public.professional_reviews USING btree (rating)
public,professional_reviews,ix_professional_reviews_reviewer_id,CREATE INDEX ix_professional_reviews_reviewer_id ON public.professional_reviews USING btree (reviewer_id)
public,professional_reviews,pk_professional_reviews,CREATE UNIQUE INDEX pk_professional_reviews ON public.professional_reviews USING btree (id)
public,user_activity_logs,ix_user_activity_logs_activity_type,CREATE INDEX ix_user_activity_logs_activity_type ON public.user_activity_logs USING btree (activity_type)
public,user_activity_logs,ix_user_activity_logs_timestamp,"CREATE INDEX ix_user_activity_logs_timestamp ON public.user_activity_logs USING btree (""timestamp"")"
public,user_activity_logs,ix_user_activity_logs_user_id,CREATE INDEX ix_user_activity_logs_user_id ON public.user_activity_logs USING btree (user_id)
public,user_activity_logs,pk_user_activity_logs,CREATE UNIQUE INDEX pk_user_activity_logs ON public.user_activity_logs USING btree (id)
public,user_preferences,ix_user_preferences_user_id,CREATE UNIQUE INDEX ix_user_preferences_user_id ON public.user_preferences USING btree (user_id)
public,user_preferences,pk_user_preferences,CREATE UNIQUE INDEX pk_user_preferences ON public.user_preferences USING btree (id)
public,user_preferences,uq_user_preferences_user_id,CREATE UNIQUE INDEX uq_user_preferences_user_id ON public.user_preferences USING btree (user_id)
