column_name,data_type,character_maximum_length,numeric_precision,numeric_scale,is_nullable,column_default,ordinal_position,column_comment,is_primary_key,is_foreign_key,foreign_table_name,foreign_column_name,table_name
id,integer,,32,0,NO,nextval('activities_id_seq'::regclass),1,,YES,NO,,,activities
child_id,integer,,32,0,NO,,2,,NO,YES,children,id,activities
activity_type,character varying,50,,,NO,,3,,NO,NO,,,activities
activity_name,character varying,200,,,NO,,4,,NO,NO,,,activities
description,text,,,,YES,,5,,NO,NO,,,activities
category,character varying,50,,,YES,,6,,NO,NO,,,activities
points_earned,integer,,32,0,NO,,7,,NO,NO,,,activities
difficulty_level,integer,,32,0,YES,,8,,NO,NO,,,activities
started_at,timestamp with time zone,,,,YES,,9,,NO,NO,,,activities
completed_at,timestamp with time zone,,,,NO,now(),10,,NO,NO,,,activities
duration_minutes,integer,,32,0,YES,,11,,NO,NO,,,activities
emotional_state_before,character varying,50,,,YES,,12,,NO,NO,,,activities
emotional_state_after,character varying,50,,,YES,,13,,NO,NO,,,activities
anxiety_level_before,integer,,32,0,YES,,14,,NO,NO,,,activities
anxiety_level_after,integer,,32,0,YES,,15,,NO,NO,,,activities
support_level_needed,character varying,50,,,YES,,16,,NO,NO,,,activities
support_provided_by,character varying,100,,,YES,,17,,NO,NO,,,activities
assistive_technology_used,json,,,,NO,,18,,NO,NO,,,activities
environment_type,character varying,50,,,YES,,19,,NO,NO,,,activities
environmental_modifications,json,,,,NO,,20,,NO,NO,,,activities
sensory_accommodations,json,,,,NO,,21,,NO,NO,,,activities
completion_status,character varying,50,,,NO,,22,,NO,NO,,,activities
success_rating,integer,,32,0,YES,,23,,NO,NO,,,activities
challenges_encountered,json,,,,NO,,24,,NO,NO,,,activities
strategies_used,json,,,,NO,,25,,NO,NO,,,activities
notes,text,,,,YES,,26,,NO,NO,,,activities
verified_by_parent,boolean,,,,NO,,27,,NO,NO,,,activities
verified_by_professional,boolean,,,,NO,,28,,NO,NO,,,activities
verification_notes,text,,,,YES,,29,,NO,NO,,,activities
created_at,timestamp with time zone,,,,YES,now(),30,,NO,NO,,,activities
data_source,character varying,50,,,NO,,31,,NO,NO,,,activities
version_num,character varying,32,,,NO,,1,,YES,NO,,,alembic_version
id,integer,,32,0,NO,nextval('assessments_id_seq'::regclass),1,,YES,NO,,,assessments
child_id,integer,,32,0,NO,,2,,NO,YES,children,id,assessments
assessment_type,character varying,100,,,NO,,3,,NO,NO,,,assessments
assessment_name,character varying,200,,,NO,,4,,NO,NO,,,assessments
version,character varying,50,,,YES,,5,,NO,NO,,,assessments
administered_by,character varying,200,,,NO,,6,,NO,NO,,,assessments
administered_date,timestamp with time zone,,,,NO,,7,,NO,NO,,,assessments
location,character varying,200,,,YES,,8,,NO,NO,,,assessments
raw_scores,json,,,,YES,,9,,NO,NO,,,assessments
standard_scores,json,,,,YES,,10,,NO,NO,,,assessments
percentiles,json,,,,YES,,11,,NO,NO,,,assessments
age_equivalents,json,,,,YES,,12,,NO,NO,,,assessments
interpretation,text,,,,YES,,13,,NO,NO,,,assessments
recommendations,json,,,,NO,,14,,NO,NO,,,assessments
goals_identified,json,,,,NO,,15,,NO,NO,,,assessments
previous_assessment_id,integer,,32,0,YES,,16,,NO,YES,assessments,id,assessments
progress_summary,text,,,,YES,,17,,NO,NO,,,assessments
areas_of_growth,json,,,,NO,,18,,NO,NO,,,assessments
areas_of_concern,json,,,,NO,,19,,NO,NO,,,assessments
status,character varying,50,,,NO,,20,,NO,NO,,,assessments
created_at,timestamp with time zone,,,,YES,now(),21,,NO,NO,,,assessments
updated_at,timestamp with time zone,,,,YES,,22,,NO,NO,,,assessments
id,integer,,32,0,NO,nextval('auth_user_sessions_id_seq'::regclass),1,,YES,NO,,,auth_user_sessions
user_id,integer,,32,0,NO,,2,,NO,YES,auth_users,id,auth_user_sessions
session_token,character varying,255,,,NO,,3,,NO,NO,,,auth_user_sessions
refresh_token,character varying,255,,,YES,,4,,NO,NO,,,auth_user_sessions
ip_address,character varying,45,,,YES,,5,,NO,NO,,,auth_user_sessions
user_agent,text,,,,YES,,6,,NO,NO,,,auth_user_sessions
device_info,text,,,,YES,,7,,NO,NO,,,auth_user_sessions
location,character varying,200,,,YES,,8,,NO,NO,,,auth_user_sessions
created_at,timestamp with time zone,,,,NO,now(),9,,NO,NO,,,auth_user_sessions
last_accessed_at,timestamp with time zone,,,,NO,now(),10,,NO,NO,,,auth_user_sessions
expires_at,timestamp with time zone,,,,NO,,11,,NO,NO,,,auth_user_sessions
is_active,boolean,,,,NO,,12,,NO,NO,,,auth_user_sessions
revoked_at,timestamp with time zone,,,,YES,,13,,NO,NO,,,auth_user_sessions
revoked_by,integer,,32,0,YES,,14,,NO,NO,,,auth_user_sessions
id,integer,,32,0,NO,nextval('auth_users_id_seq'::regclass),1,,YES,NO,,,auth_users
email,character varying,255,,,NO,,2,,NO,NO,,,auth_users
hashed_password,character varying,255,,,NO,,3,,NO,NO,,,auth_users
first_name,character varying,100,,,NO,,4,,NO,NO,,,auth_users
last_name,character varying,100,,,NO,,5,,NO,NO,,,auth_users
full_name,character varying,200,,,YES,,6,,NO,NO,,,auth_users
phone,character varying,20,,,YES,,7,,NO,NO,,,auth_users
role,USER-DEFINED,,,,NO,,8,,NO,NO,,,auth_users
status,USER-DEFINED,,,,NO,,9,,NO,NO,,,auth_users
is_active,boolean,,,,NO,,10,,NO,NO,,,auth_users
is_verified,boolean,,,,NO,,11,,NO,NO,,,auth_users
email_verified_at,timestamp with time zone,,,,YES,,12,,NO,NO,,,auth_users
last_login_at,timestamp with time zone,,,,YES,,13,,NO,NO,,,auth_users
failed_login_attempts,integer,,32,0,NO,,14,,NO,NO,,,auth_users
locked_until,timestamp with time zone,,,,YES,,15,,NO,NO,,,auth_users
license_number,character varying,100,,,YES,,16,,NO,NO,,,auth_users
specialization,character varying,200,,,YES,,17,,NO,NO,,,auth_users
clinic_name,character varying,200,,,YES,,18,,NO,NO,,,auth_users
clinic_address,text,,,,YES,,19,,NO,NO,,,auth_users
created_at,timestamp with time zone,,,,NO,now(),20,,NO,NO,,,auth_users
updated_at,timestamp with time zone,,,,YES,,21,,NO,NO,,,auth_users
created_by,integer,,32,0,YES,,22,,NO,NO,,,auth_users
last_modified_by,integer,,32,0,YES,,23,,NO,NO,,,auth_users
timezone,character varying,50,,,NO,,24,,NO,NO,,,auth_users
language,character varying,10,,,NO,,25,,NO,NO,,,auth_users
avatar_url,character varying,500,,,YES,,26,,NO,NO,,,auth_users
bio,text,,,,YES,,27,,NO,NO,,,auth_users
location,character varying,100,,,YES,,28,,NO,NO,,,auth_users
emergency_contact_name,character varying,100,,,YES,,29,,NO,NO,,,auth_users
emergency_contact_phone,character varying,20,,,YES,,30,,NO,NO,,,auth_users
preferred_communication,character varying,50,,,YES,,31,,NO,NO,,,auth_users
last_profile_update,timestamp with time zone,,,,YES,,32,,NO,NO,,,auth_users
id,integer,,32,0,NO,nextval('children_id_seq'::regclass),1,,YES,NO,,,children
name,character varying,100,,,NO,,2,,NO,NO,,,children
age,integer,,32,0,NO,,3,,NO,NO,,,children
date_of_birth,timestamp with time zone,,,,YES,,4,,NO,NO,,,children
avatar_url,character varying,500,,,YES,,5,,NO,NO,,,children
parent_id,integer,,32,0,NO,,6,,NO,YES,auth_users,id,children
points,integer,,32,0,NO,,7,,NO,NO,,,children
level,integer,,32,0,NO,,8,,NO,NO,,,children
achievements,json,,,,NO,,9,,NO,NO,,,children
diagnosis,character varying,200,,,YES,,10,,NO,NO,,,children
support_level,integer,,32,0,YES,,11,,NO,NO,,,children
diagnosis_date,timestamp with time zone,,,,YES,,12,,NO,NO,,,children
diagnosing_professional,character varying,200,,,YES,,13,,NO,NO,,,children
sensory_profile,json,,,,YES,,14,,NO,NO,,,children
behavioral_notes,text,,,,YES,,15,,NO,NO,,,children
communication_style,character varying,100,,,YES,,16,,NO,NO,,,children
communication_notes,text,,,,YES,,17,,NO,NO,,,children
current_therapies,json,,,,NO,,18,,NO,NO,,,children
emergency_contacts,json,,,,NO,,19,,NO,NO,,,children
safety_protocols,json,,,,NO,,20,,NO,NO,,,children
baseline_assessment,json,,,,YES,,21,,NO,NO,,,children
last_assessment_date,timestamp with time zone,,,,YES,,22,,NO,NO,,,children
progress_notes,json,,,,NO,,23,,NO,NO,,,children
is_active,boolean,,,,YES,,24,,NO,NO,,,children
created_at,timestamp with time zone,,,,NO,now(),25,,NO,NO,,,children
updated_at,timestamp with time zone,,,,YES,,26,,NO,NO,,,children
id,integer,,32,0,NO,nextval('game_sessions_id_seq'::regclass),1,,YES,NO,,,game_sessions
child_id,integer,,32,0,NO,,2,,NO,YES,children,id,game_sessions
session_type,character varying,50,,,NO,,3,,NO,NO,,,game_sessions
scenario_name,character varying,200,,,NO,,4,,NO,NO,,,game_sessions
scenario_id,character varying,100,,,YES,,5,,NO,NO,,,game_sessions
started_at,timestamp with time zone,,,,NO,now(),6,,NO,NO,,,game_sessions
ended_at,timestamp with time zone,,,,YES,,7,,NO,NO,,,game_sessions
duration_seconds,integer,,32,0,YES,,8,,NO,NO,,,game_sessions
levels_completed,integer,,32,0,NO,,9,,NO,NO,,,game_sessions
max_level_reached,integer,,32,0,NO,,10,,NO,NO,,,game_sessions
score,integer,,32,0,NO,,11,,NO,NO,,,game_sessions
interactions_count,integer,,32,0,NO,,12,,NO,NO,,,game_sessions
correct_responses,integer,,32,0,NO,,13,,NO,NO,,,game_sessions
help_requests,integer,,32,0,NO,,14,,NO,NO,,,game_sessions
emotional_data,json,,,,YES,,15,,NO,NO,,,game_sessions
interaction_patterns,json,,,,YES,,16,,NO,NO,,,game_sessions
completion_status,character varying,20,,,NO,,17,,NO,NO,,,game_sessions
exit_reason,character varying,100,,,YES,,18,,NO,NO,,,game_sessions
achievement_unlocked,json,,,,NO,,19,,NO,NO,,,game_sessions
parent_notes,text,,,,YES,,20,,NO,NO,,,game_sessions
parent_rating,integer,,32,0,YES,,21,,NO,NO,,,game_sessions
parent_observed_behavior,json,,,,YES,,22,,NO,NO,,,game_sessions
device_type,character varying,50,,,YES,,23,,NO,NO,,,game_sessions
app_version,character varying,20,,,YES,,24,,NO,NO,,,game_sessions
session_data_quality,character varying,20,,,NO,,25,,NO,NO,,,game_sessions
scenario_version,character varying,20,,,YES,,26,,NO,NO,,,game_sessions
pause_count,integer,,32,0,NO,0,27,,NO,NO,,,game_sessions
total_pause_duration,integer,,32,0,NO,0,28,,NO,NO,,,game_sessions
incorrect_responses,integer,,32,0,NO,0,29,,NO,NO,,,game_sessions
hint_usage_count,integer,,32,0,NO,0,30,,NO,NO,,,game_sessions
achievements_unlocked,json,,,,NO,'[]'::json,31,,NO,NO,,,game_sessions
progress_markers_hit,json,,,,NO,'[]'::json,32,,NO,NO,,,game_sessions
device_model,character varying,100,,,YES,,33,,NO,NO,,,game_sessions
environment_type,character varying,50,,,YES,,34,,NO,NO,,,game_sessions
support_person_present,boolean,,,,NO,false,35,,NO,NO,,,game_sessions
ai_analysis,json,,,,YES,,36,,NO,NO,,,game_sessions
created_at,timestamp with time zone,,,,NO,now(),37,,NO,NO,,,game_sessions
updated_at,timestamp with time zone,,,,YES,,38,,NO,NO,,,game_sessions
id,integer,,32,0,NO,nextval('password_reset_tokens_id_seq'::regclass),1,,YES,NO,,,password_reset_tokens
user_id,integer,,32,0,NO,,2,,NO,YES,auth_users,id,password_reset_tokens
token,character varying,255,,,NO,,3,,NO,NO,,,password_reset_tokens
created_at,timestamp with time zone,,,,NO,now(),4,,NO,NO,,,password_reset_tokens
expires_at,timestamp with time zone,,,,NO,,5,,NO,NO,,,password_reset_tokens
used_at,timestamp with time zone,,,,YES,,6,,NO,NO,,,password_reset_tokens
is_active,boolean,,,,NO,,7,,NO,NO,,,password_reset_tokens
id,integer,,32,0,NO,nextval('professional_profiles_id_seq'::regclass),1,,YES,NO,,,professional_profiles
user_id,integer,,32,0,NO,,2,,NO,YES,auth_users,id,professional_profiles
license_type,character varying,100,,,YES,,3,,NO,NO,,,professional_profiles
license_number,character varying,100,,,YES,,4,,NO,NO,,,professional_profiles
license_state,character varying,50,,,YES,,5,,NO,NO,,,professional_profiles
license_expiry,timestamp with time zone,,,,YES,,6,,NO,NO,,,professional_profiles
primary_specialty,character varying,200,,,YES,,7,,NO,NO,,,professional_profiles
subspecialties,json,,,,NO,,8,,NO,NO,,,professional_profiles
certifications,json,,,,NO,,9,,NO,NO,,,professional_profiles
experience_years,integer,,32,0,YES,,10,,NO,NO,,,professional_profiles
clinic_name,character varying,200,,,YES,,11,,NO,NO,,,professional_profiles
clinic_address,text,,,,YES,,12,,NO,NO,,,professional_profiles
clinic_phone,character varying,20,,,YES,,13,,NO,NO,,,professional_profiles
practice_type,character varying,100,,,YES,,14,,NO,NO,,,professional_profiles
asd_experience_years,integer,,32,0,YES,,15,,NO,NO,,,professional_profiles
asd_certifications,json,,,,NO,,16,,NO,NO,,,professional_profiles
preferred_age_groups,json,,,,NO,,17,,NO,NO,,,professional_profiles
treatment_approaches,json,,,,NO,,18,,NO,NO,,,professional_profiles
patient_count,integer,,32,0,NO,,19,,NO,NO,,,professional_profiles
average_rating,double precision,,53,,YES,,20,,NO,NO,,,professional_profiles
total_sessions,integer,,32,0,NO,,21,,NO,NO,,,professional_profiles
available_days,json,,,,NO,,22,,NO,NO,,,professional_profiles
available_hours,json,,,,YES,,23,,NO,NO,,,professional_profiles
accepts_new_patients,boolean,,,,NO,,24,,NO,NO,,,professional_profiles
bio,text,,,,YES,,25,,NO,NO,,,professional_profiles
treatment_philosophy,text,,,,YES,,26,,NO,NO,,,professional_profiles
languages_spoken,json,,,,NO,,27,,NO,NO,,,professional_profiles
is_verified,boolean,,,,NO,,28,,NO,NO,,,professional_profiles
verified_at,timestamp with time zone,,,,YES,,29,,NO,NO,,,professional_profiles
verified_by,integer,,32,0,YES,,30,,NO,NO,,,professional_profiles
created_at,timestamp with time zone,,,,NO,now(),31,,NO,NO,,,professional_profiles
updated_at,timestamp with time zone,,,,YES,,32,,NO,NO,,,professional_profiles
education,text,,,,YES,,33,,NO,NO,,,professional_profiles
availability,character varying,50,,,YES,,34,,NO,NO,,,professional_profiles
accepts_insurance,boolean,,,,NO,false,35,,NO,NO,,,professional_profiles
consultation_fee,numeric,,10,2,YES,,36,,NO,NO,,,professional_profiles
office_address,text,,,,YES,,37,,NO,NO,,,professional_profiles
online_consultation,boolean,,,,NO,false,38,,NO,NO,,,professional_profiles
verification_date,timestamp with time zone,,,,YES,,39,,NO,NO,,,professional_profiles
id,integer,,32,0,NO,nextval('professional_reviews_id_seq'::regclass),1,,YES,NO,,,professional_reviews
professional_id,integer,,32,0,NO,,2,,NO,YES,auth_users,id,professional_reviews
reviewer_id,integer,,32,0,NO,,3,,NO,YES,auth_users,id,professional_reviews
rating,integer,,32,0,NO,,4,,NO,NO,,,professional_reviews
review_text,text,,,,YES,,5,,NO,NO,,,professional_reviews
is_anonymous,boolean,,,,NO,false,6,,NO,NO,,,professional_reviews
is_verified,boolean,,,,NO,false,7,,NO,NO,,,professional_reviews
created_at,timestamp with time zone,,,,NO,now(),8,,NO,NO,,,professional_reviews
updated_at,timestamp with time zone,,,,NO,now(),9,,NO,NO,,,professional_reviews
id,integer,,32,0,NO,nextval('user_activity_logs_id_seq'::regclass),1,,YES,NO,,,user_activity_logs
user_id,integer,,32,0,NO,,2,,NO,YES,auth_users,id,user_activity_logs
activity_type,character varying,50,,,NO,,3,,NO,NO,,,user_activity_logs
activity_description,text,,,,YES,,4,,NO,NO,,,user_activity_logs
ip_address,character varying,45,,,YES,,5,,NO,NO,,,user_activity_logs
user_agent,text,,,,YES,,6,,NO,NO,,,user_activity_logs
timestamp,timestamp with time zone,,,,NO,now(),7,,NO,NO,,,user_activity_logs
id,integer,,32,0,NO,nextval('user_preferences_id_seq'::regclass),1,,YES,NO,,,user_preferences
user_id,integer,,32,0,NO,,2,,NO,YES,auth_users,id,user_preferences
language,character varying,10,,,NO,'en'::character varying,3,,NO,NO,,,user_preferences
timezone,character varying,50,,,NO,'UTC'::character varying,4,,NO,NO,,,user_preferences
notifications_enabled,boolean,,,,NO,true,5,,NO,NO,,,user_preferences
privacy_level,character varying,20,,,NO,'standard'::character varying,6,,NO,NO,,,user_preferences
theme,character varying,20,,,NO,'light'::character varying,7,,NO,NO,,,user_preferences
created_at,timestamp with time zone,,,,NO,now(),8,,NO,NO,,,user_preferences
updated_at,timestamp with time zone,,,,NO,now(),9,,NO,NO,,,user_preferences
